{"TNEWS": [3.8666658557424998, 2.5766814198580867, 2.376256097694889, 2.5890053356254046, 2.3314055315295374, 3.238560087957578, 2.557762492430255, 2.7420007351687317, 2.1966565568722105, 2.679116778247207, 2.7474034988020097, 2.398589958481049, 5.3461610091134375, 2.930957038011243, 2.750362810456146], "OCNLI": [1.102534782319346, 1.0714862190342078, 1.1224773268840273], "OCEMOTION": [2.1603437733047905, 2.092242348045681, 4.095858567053316, 1.379871372745011, 2.1671714028516833, 1.0409683835387955, 3.6714935078146675]}